video_name,vid,resolution,width,height,pixfmt,framerate,bitrate_rawvideo (kb/s),bitrate_encoded (kb/s),PSNR,VMAF,QP,target_encode_energy_uj,decode_energy_uj,total_energy_uj
Sports_2160P-086d,Sports_2160P-086d,2160,3840,2160,yuv420p,23.97602398,2386411,185630,49.988939,99.993888,10,14384.36296971276,931.1617919898144,15315.524761702574
Sports_2160P-086d,Sports_2160P-086d,2160,3840,2160,yuv420p,23.97602398,2386411,49861,42.960278,99.623719,20,8547.811360764174,462.12977475087627,9009.941136
Sports_2160P-086d,Sports_2160P-086d,2160,3840,2160,yuv420p,23.97602398,2386411,8184,38.033196,91.252846,30,4526.841529809612,221.86793606569563,4748.7094658753085
Sports_2160P-086d,Sports_2160P-086d,2160,3840,2160,yuv420p,23.97602398,2386411,1703,33.21803,63.840802,40,3000.7114571069774,152.5862047812903,3153.297661888268
Sports_2160P-086d,Sports_2160P-086d,2160,3840,2160,yuv420p,23.97602398,2386411,497,28.066859,19.859345,50,2554.902009,131.94908324268573,2686.851092547356
Sports_2160P-086d,Sports_2160P-086d_downsample_1080p,1080,1920,1080,yuv420p,23.97602398,2386411,49071,39.484596,98.00204,10,3531.482868837729,333.5851559269459,3865.068024764674
Sports_2160P-086d,Sports_2160P-086d_downsample_1080p,1080,1920,1080,yuv420p,23.97602398,2386411,12763,37.919544,92.767663,20,2320.854752928962,156.5213861626041,2477.376139091566
Sports_2160P-086d,Sports_2160P-086d_downsample_1080p,1080,1920,1080,yuv420p,23.97602398,2386411,2743,34.870374,74.691834,30,1070.8782172172248,58.42468040617421,1129.302897623399
Sports_2160P-086d,Sports_2160P-086d_downsample_1080p,1080,1920,1080,yuv420p,23.97602398,2386411,645,30.083852,37.996417,40,741.0090805741931,36.04117048471578,777.0502510589089
Sports_2160P-086d,Sports_2160P-086d_downsample_1080p,1080,1920,1080,yuv420p,23.97602398,2386411,147,25.939198,0.941547,50,600.4258192136111,26.113449304383337,626.5392685179945
Sports_2160P-086d,Sports_2160P-086d_downsample_720p,720,1280,720,yuv420p,23.97602398,2386411,22526,34.82377,84.004853,10,1595.9061496942977,133.69387274697505,1729.6000224412728
Sports_2160P-086d,Sports_2160P-086d_downsample_720p,720,1280,720,yuv420p,23.97602398,2386411,6281,34.098841,76.006942,20,951.9756129696008,60.18873908387298,1012.1643520534736
Sports_2160P-086d,Sports_2160P-086d_downsample_720p,720,1280,720,yuv420p,23.97602398,2386411,1500,32.129229,54.67174,30,490.8860670616206,32.75400714328572,523.6400742049063
Sports_2160P-086d,Sports_2160P-086d_downsample_720p,720,1280,720,yuv420p,23.97602398,2386411,335,28.326838,18.381269,40,355.4947991569778,30.784831705619048,386.2796308625969
Sports_2160P-086d,Sports_2160P-086d_downsample_720p,720,1280,720,yuv420p,23.97602398,2386411,71,24.91842,0,50,247.25419677024416,12.686104091484616,259.9403008617288
Sports_2160P-0455,Sports_2160P-0455,2160,3840,2160,yuv420p,29.97002997,2983014,284694,47.739403,99.994563,10,21363.35700201688,1302.6110634536467,22665.968065470523
Sports_2160P-0455,Sports_2160P-0455,2160,3840,2160,yuv420p,29.97002997,2983014,99644,40.79869,99.609544,20,14795.913895050238,733.8479675647999,15529.761862615038
Sports_2160P-0455,Sports_2160P-0455,2160,3840,2160,yuv420p,29.97002997,2983014,27895,34.091496,78.274211,30,9402.841436108863,408.3601428197893,9811.201578928652
Sports_2160P-0455,Sports_2160P-0455,2160,3840,2160,yuv420p,29.97002997,2983014,3493,28.667276,40.101822,40,5229.274458900985,237.6360042961212,5466.910463197107
Sports_2160P-0455,Sports_2160P-0455,2160,3840,2160,yuv420p,29.97002997,2983014,352,26.214882,19.77836,50,3228.386803709438,178.27435712575002,3406.661160835188
Sports_2160P-0455,Sports_2160P-0455_downsample_1080p,1080,1920,1080,yuv420p,29.97002997,2983014,106841,35.795163,95.479789,10,6125.8406641413485,545.9360628812112,6671.776727
Sports_2160P-0455,Sports_2160P-0455_downsample_1080p,1080,1920,1080,yuv420p,29.97002997,2983014,38121,34.194708,83.249898,20,4497.984629963819,262.7141909,4760.698820885069
Sports_2160P-0455,Sports_2160P-0455_downsample_1080p,1080,1920,1080,yuv420p,29.97002997,2983014,8291,30.407277,51.392211,30,2300.5550026608207,106.9662674,2407.5212700654206
Sports_2160P-0455,Sports_2160P-0455_downsample_1080p,1080,1920,1080,yuv420p,29.97002997,2983014,609,27.117916,24.801989,40,1025.7391685727491,44.47330629590588,1070.2124748686551
Sports_2160P-0455,Sports_2160P-0455_downsample_1080p,1080,1920,1080,yuv420p,29.97002997,2983014,94,25.298891,8.606999,50,754.409799,31.582074453944447,785.9918734160384
Sports_2160P-0455,Sports_2160P-0455_downsample_720p,720,1280,720,yuv420p,29.97002997,2983014,54442,31.428404,75.090138,10,2973.799523536065,294.5823926139529,3268.381916150018
Sports_2160P-0455,Sports_2160P-0455_downsample_720p,720,1280,720,yuv420p,29.97002997,2983014,18456,30.686935,60.35105,20,2020.3292601698352,132.3599989465076,2152.689259116343
Sports_2160P-0455,Sports_2160P-0455_downsample_720p,720,1280,720,yuv420p,29.97002997,2983014,3415,28.515372,32.134664,30,1027.380110572808,49.87290610540981,1077.2530166782178
Sports_2160P-0455,Sports_2160P-0455_downsample_720p,720,1280,720,yuv420p,29.97002997,2983014,236,26.463989,15.858964,40,431.9774359995013,20.709940439706816,452.68737643920815
Sports_2160P-0455,Sports_2160P-0455_downsample_720p,720,1280,720,yuv420p,29.97002997,2983014,47,24.823725,4.390635,50,303.85303485116407,13.332362067692308,317.1853969188564
Gaming_2160P-2cb1,Gaming_2160P-2cb1,2160,3840,2160,yuv420p,59.94006309,5951100,353188,47.982328,97.52267,10,25655.30449739661,1674.5634943890389,27329.86799178565
Gaming_2160P-2cb1,Gaming_2160P-2cb1,2160,3840,2160,yuv420p,59.94006309,5951100,126738,39.979935,90.290107,20,15741.46387127682,981.4781650594144,16722.942036336237
Gaming_2160P-2cb1,Gaming_2160P-2cb1,2160,3840,2160,yuv420p,59.94006309,5951100,21070,33.443963,69.264434,30,9004.011039,469.47651569667113,9473.487554824002
Gaming_2160P-2cb1,Gaming_2160P-2cb1,2160,3840,2160,yuv420p,59.94006309,5951100,1766,29.38563,31.684888,40,6398.077915974311,321.4585388127708,6719.536454787081
Gaming_2160P-2cb1,Gaming_2160P-2cb1,2160,3840,2160,yuv420p,59.94006309,5951100,411,26.866206,1.815754,50,5569.923739615752,278.1103861466667,5848.034125762419
Gaming_2160P-2cb1,Gaming_2160P-2cb1_downsample_1080p,1080,1920,1080,yuv420p,59.94006309,5951100,82246,32.106668,77.068058,10,6789.547601530934,557.6979274414841,7347.245528972418
Gaming_2160P-2cb1,Gaming_2160P-2cb1_downsample_1080p,1080,1920,1080,yuv420p,59.94006309,5951100,20989,31.539849,66.62248,20,3979.172586351333,265.2486335957581,4244.42122
Gaming_2160P-2cb1,Gaming_2160P-2cb1_downsample_1080p,1080,1920,1080,yuv420p,59.94006309,5951100,3357,30.219276,44.351835,30,2002.7352481623425,88.76190788214285,2091.4971560444856
Gaming_2160P-2cb1,Gaming_2160P-2cb1_downsample_1080p,1080,1920,1080,yuv420p,59.94006309,5951100,419,27.957833,10.080849,40,1472.7382478591055,56.88153288696818,1529.619780746074
Gaming_2160P-2cb1,Gaming_2160P-2cb1_downsample_1080p,1080,1920,1080,yuv420p,59.94006309,5951100,120,25.958593,0.063346,50,1262.7356708587356,43.91176306153847,1306.647433920274
Gaming_2160P-2cb1,Gaming_2160P-2cb1_downsample_720p,720,1280,720,yuv420p,59.94006309,5951100,33997,30.444892,61.817691,10,2910.839010326684,218.4597653,3129.2987756096254
Gaming_2160P-2cb1,Gaming_2160P-2cb1_downsample_720p,720,1280,720,yuv420p,59.94006309,5951100,8087,30.084983,49.917895,20,1511.4165834130015,89.70444715077522,1601.121030563777
Gaming_2160P-2cb1,Gaming_2160P-2cb1_downsample_720p,720,1280,720,yuv420p,59.94006309,5951100,1394,29.117294,26.865254,30,898.0156367578434,47.41206978636605,945.4277065442094
Gaming_2160P-2cb1,Gaming_2160P-2cb1_downsample_720p,720,1280,720,yuv420p,59.94006309,5951100,201,27.250068,1.43895,40,625.4650197474789,26.466491241000007,651.9315109884789
Gaming_2160P-2cb1,Gaming_2160P-2cb1_downsample_720p,720,1280,720,yuv420p,59.94006309,5951100,65,25.433504,0.022019,50,523.8030784677293,18.386825892856248,542.1899043605855
Gaming_2160P-2dc4,Gaming_2160P-2dc4,2160,3840,2160,yuv420p,59.94006309,5956076,132223,50.641759,98.610209,10,22743.122213000814,1035.877694,23778.99990696461
Gaming_2160P-2dc4,Gaming_2160P-2dc4,2160,3840,2160,yuv420p,59.94006309,5956076,28064,45.109978,94.87006,20,12146.242765869914,508.0081274554001,12654.250893325314
Gaming_2160P-2dc4,Gaming_2160P-2dc4,2160,3840,2160,yuv420p,59.94006309,5956076,5384,40.319748,81.486881,30,8341.102072002866,326.7240920197679,8667.826164022634
Gaming_2160P-2dc4,Gaming_2160P-2dc4,2160,3840,2160,yuv420p,59.94006309,5956076,1157,35.978119,52.369128,40,6486.935826320983,293.6549758647028,6780.590802185686
Gaming_2160P-2dc4,Gaming_2160P-2dc4,2160,3840,2160,yuv420p,59.94006309,5956076,436,32.458929,18.07171,50,5795.971943112727,285.1282356197706,6081.100178732498
Gaming_2160P-2dc4,Gaming_2160P-2dc4_downsample_1080p,1080,1920,1080,yuv420p,59.94006309,5956076,33574,41.468575,90.367897,10,6437.765576683713,359.6605295245099,6797.426106208223
Gaming_2160P-2dc4,Gaming_2160P-2dc4_downsample_1080p,1080,1920,1080,yuv420p,59.94006309,5956076,7552,39.98631,82.752275,20,2944.7927570573515,125.79571511224486,3070.588472169597
Gaming_2160P-2dc4,Gaming_2160P-2dc4_downsample_1080p,1080,1920,1080,yuv420p,59.94006309,5956076,1615,37.278468,62.319744,30,1992.8985295640969,72.85702708252904,2065.755556646626
Gaming_2160P-2dc4,Gaming_2160P-2dc4_downsample_1080p,1080,1920,1080,yuv420p,59.94006309,5956076,357,33.901474,29.796339,40,1551.4191911864743,56.87992466530477,1608.299115851779
Gaming_2160P-2dc4,Gaming_2160P-2dc4_downsample_1080p,1080,1920,1080,yuv420p,59.94006309,5956076,132,30.882082,3.207578,50,1363.882720149625,46.958980918676914,1410.8417010683015
Gaming_2160P-2dc4,Gaming_2160P-2dc4_downsample_720p,720,1280,720,yuv420p,59.94006309,5956076,15617,38.591295,76.379569,10,2426.810164887449,136.4680097837316,2563.2781746711808
Gaming_2160P-2dc4,Gaming_2160P-2dc4_downsample_720p,720,1280,720,yuv420p,59.94006309,5956076,3655,37.642375,65.95334,20,1382.686407628774,66.79602694368448,1449.4824345724585
Gaming_2160P-2dc4,Gaming_2160P-2dc4_downsample_720p,720,1280,720,yuv420p,59.94006309,5956076,798,35.612522,43.099345,30,936.0097189663572,38.64490735,974.6546263
Gaming_2160P-2dc4,Gaming_2160P-2dc4_downsample_720p,720,1280,720,yuv420p,59.94006309,5956076,181,32.750326,11.940023,40,676.2248151047311,41.05844873750001,717.2832638422311
Gaming_2160P-2dc4,Gaming_2160P-2dc4_downsample_720p,720,1280,720,yuv420p,59.94006309,5956076,71,30.075702,1.390436,50,590.2530405680961,19.93719197202353,610.1902325401197
HDR_2160P-06ae,HDR_2160P-06ae,2160,3840,2160,yuv420p10le,24,4767631,170925,50.327779,99.983808,10,18826.330681038435,888.2459837965307,19714.576664834967
HDR_2160P-06ae,HDR_2160P-06ae,2160,3840,2160,yuv420p10le,24,4767631,67250,43.229619,98.298809,20,12215.644900020014,590.6714653254553,12806.316365345469
HDR_2160P-06ae,HDR_2160P-06ae,2160,3840,2160,yuv420p10le,24,4767631,15081,36.299367,83.531488,30,6917.27798,357.7278808,7275.00586
HDR_2160P-06ae,HDR_2160P-06ae,2160,3840,2160,yuv420p10le,24,4767631,2284,31.235369,50.270974,40,4341.909338546477,250.91775356561425,4592.827092112091
HDR_2160P-06ae,HDR_2160P-06ae,2160,3840,2160,yuv420p10le,24,4767631,407,27.062092,11.771437,50,3400.783593,209.0584963,3609.842089
HDR_2160P-06ae,HDR_2160P-06ae_downsample_1080p,1080,1920,1080,yuv420p10le,24,4767631,66989,38.134153,94.215484,10,5019.288434211448,365.3697796,5384.658213809929
HDR_2160P-06ae,HDR_2160P-06ae_downsample_1080p,1080,1920,1080,yuv420p10le,24,4767631,22121,36.32078,85.837761,20,3689.162943284645,642.0230393519897,4331.185982636635
HDR_2160P-06ae,HDR_2160P-06ae_downsample_1080p,1080,1920,1080,yuv420p10le,24,4767631,4566,32.840671,62.679531,30,1535.945182421449,97.45633876,1633.4015211766218
HDR_2160P-06ae,HDR_2160P-06ae_downsample_1080p,1080,1920,1080,yuv420p10le,24,4767631,698,28.786729,26.006888,40,1005.441719869502,55.02245365131764,1060.4641735208197
HDR_2160P-06ae,HDR_2160P-06ae_downsample_1080p,1080,1920,1080,yuv420p10le,24,4767631,119,25.313963,0.637746,50,794.9935639914899,40.17255041,835.1661144039898
HDR_2160P-06ae,HDR_2160P-06ae_downsample_720p,720,1280,720,yuv420p10le,24,4767631,32170,33.834301,80.134044,10,2308.768476,202.8530156582432,2511.6214916897634
HDR_2160P-06ae,HDR_2160P-06ae_downsample_720p,720,1280,720,yuv420p10le,24,4767631,10234,32.961973,68.945654,20,1394.5006345839308,92.49278432709332,1486.993418911024
HDR_2160P-06ae,HDR_2160P-06ae_downsample_720p,720,1280,720,yuv420p10le,24,4767631,2234,30.760597,43.596194,30,694.1408871001813,57.40203386764186,751.5429209678232
HDR_2160P-06ae,HDR_2160P-06ae_downsample_720p,720,1280,720,yuv420p10le,24,4767631,342,27.520528,12.294233,40,445.22405251835823,22.79691700950625,468.0209695278645
HDR_2160P-06ae,HDR_2160P-06ae_downsample_720p,720,1280,720,yuv420p10le,24,4767631,60,24.388497,0.051899,50,341.2992362765378,15.13466519,356.4339014706278
Sports_2160P-1261,Sports_2160P-1261,2160,3840,2160,yuv420p,29.97002997,2983014,92149,52.471421,98.896975,10,14524.452355334628,672.3812210273376,15196.833576361963
Sports_2160P-1261,Sports_2160P-1261,2160,3840,2160,yuv420p,29.97002997,2983014,28572,45.873245,96.595345,20,9429.513278377686,401.373825,9830.887103343655
Sports_2160P-1261,Sports_2160P-1261,2160,3840,2160,yuv420p,29.97002997,2983014,5833,40.902266,85.833948,30,6332.162599259788,206.5343204092236,6538.696919669012
Sports_2160P-1261,Sports_2160P-1261,2160,3840,2160,yuv420p,29.97002997,2983014,1276,35.688885,59.566219,40,4346.087909744397,158.3851535,4504.473063208747
Sports_2160P-1261,Sports_2160P-1261,2160,3840,2160,yuv420p,29.97002997,2983014,409,30.469461,30.489131,50,3327.730494677012,145.01543824986666,3472.7459329268786
Sports_2160P-1261,Sports_2160P-1261_downsample_1080p,1080,1920,1080,yuv420p,29.97002997,2983014,35519,41.637487,95.302881,10,4019.7488382550096,252.9125669498677,4272.661405204877
Sports_2160P-1261,Sports_2160P-1261_downsample_1080p,1080,1920,1080,yuv420p,29.97002997,2983014,8940,40.102759,88.793994,20,2312.1502079674497,105.85958432948571,2418.009792296936
Sports_2160P-1261,Sports_2160P-1261_downsample_1080p,1080,1920,1080,yuv420p,29.97002997,2983014,1800,37.061862,70.46458,30,1828.881515910252,44.44130498333333,1873.3228208935848
Sports_2160P-1261,Sports_2160P-1261_downsample_1080p,1080,1920,1080,yuv420p,29.97002997,2983014,404,32.522444,39.632104,40,1001.7301614225968,29.806746082153847,1031.5369075047506
Sports_2160P-1261,Sports_2160P-1261_downsample_1080p,1080,1920,1080,yuv420p,29.97002997,2983014,126,27.928323,13.839861,50,763.6549286746541,25.38143756,789.0363662382041
Sports_2160P-1261,Sports_2160P-1261_downsample_720p,720,1280,720,yuv420p,29.97002997,2983014,17234,36.110202,84.991142,10,1745.864361311295,113.0641706784149,1858.9285319897097
Sports_2160P-1261,Sports_2160P-1261_downsample_720p,720,1280,720,yuv420p,29.97002997,2983014,4281,35.534348,75.577616,20,1046.076283,49.473766894075474,1095.5500503462954
Sports_2160P-1261,Sports_2160P-1261_downsample_720p,720,1280,720,yuv420p,29.97002997,2983014,934,33.771087,53.48501,30,651.6214369523342,24.014167114600003,675.6356040669342
Sports_2160P-1261,Sports_2160P-1261_downsample_720p,720,1280,720,yuv420p,29.97002997,2983014,204,30.374642,24.984513,40,443.42960578868457,15.20082147170294,458.63042726038753
Sports_2160P-1261,Sports_2160P-1261_downsample_720p,720,1280,720,yuv420p,29.97002997,2983014,64,26.470413,5.104224,50,315.02756243900564,11.132451065136364,326.1600135
Gaming_2160P-348d,Gaming_2160P-348d,2160,3840,2160,yuv420p,29.97002997,2983014,49044,54.757238,97.94728,10,6441.827482917651,351.1880054161811,6793.015488333832
Gaming_2160P-348d,Gaming_2160P-348d,2160,3840,2160,yuv420p,29.97002997,2983014,15483,48.25711,97.368808,20,4355.921419,224.8758359470588,4580.797254693489
Gaming_2160P-348d,Gaming_2160P-348d,2160,3840,2160,yuv420p,29.97002997,2983014,3522,42.446315,93.219323,30,3281.632221561084,157.9162949,3439.548516421308
Gaming_2160P-348d,Gaming_2160P-348d,2160,3840,2160,yuv420p,29.97002997,2983014,773,36.622402,78.396737,40,2758.679070442824,142.8916105,2901.570680901544
Gaming_2160P-348d,Gaming_2160P-348d,2160,3840,2160,yuv420p,29.97002997,2983014,229,31.222453,53.199371,50,2459.653989,134.75417203054442,2594.4081610458043
Gaming_2160P-348d,Gaming_2160P-348d_downsample_1080p,1080,1920,1080,yuv420p,29.97002997,2983014,14653,39.444583,93.228238,10,1441.5705626762508,154.1811082,1595.7516708500507
Gaming_2160P-348d,Gaming_2160P-348d_downsample_1080p,1080,1920,1080,yuv420p,29.97002997,2983014,4429,38.882016,91.032293,20,1075.4307164132051,77.24882977,1152.6795461807053
Gaming_2160P-348d,Gaming_2160P-348d_downsample_1080p,1080,1920,1080,yuv420p,29.97002997,2983014,1136,36.984231,81.936316,30,877.5540030201521,53.729177432699984,931.2831805
Gaming_2160P-348d,Gaming_2160P-348d_downsample_1080p,1080,1920,1080,yuv420p,29.97002997,2983014,272,33.157625,62.346866,40,695.5642045795436,26.13379885,721.6980034315436
Gaming_2160P-348d,Gaming_2160P-348d_downsample_1080p,1080,1920,1080,yuv420p,29.97002997,2983014,83,28.467041,32.919592,50,685.5747219075926,21.32911692,706.9038388279926
Gaming_2160P-348d,Gaming_2160P-348d_downsample_720p,720,1280,720,yuv420p,29.97002997,2983014,7453,35.709722,84.358592,10,717.8739957878423,58.61369804271001,776.4876938305523
Gaming_2160P-348d,Gaming_2160P-348d_downsample_720p,720,1280,720,yuv420p,29.97002997,2983014,2339,35.383017,80.684594,20,498.9844314358996,27.41522984,526.3996612740996
Gaming_2160P-348d,Gaming_2160P-348d_downsample_720p,720,1280,720,yuv420p,29.97002997,2983014,611,34.118753,69.594965,30,359.1985952,17.02001936951052,376.2186145455975
Gaming_2160P-348d,Gaming_2160P-348d_downsample_720p,720,1280,720,yuv420p,29.97002997,2983014,148,31.159326,48.932489,40,295.3852847436283,12.507078497200002,307.8923632408283
Gaming_2160P-348d,Gaming_2160P-348d_downsample_720p,720,1280,720,yuv420p,29.97002997,2983014,47,26.916914,20.978171,50,252.38558746636664,10.75238961,263.13797707291667
Animation_2160P-41dc,Animation_2160P-41dc,2160,3840,2160,yuv420p,15,1492998,264343,47.51324,99.204751,10,14904.458225418872,990.4177066,15894.875932018207
Animation_2160P-41dc,Animation_2160P-41dc,2160,3840,2160,yuv420p,15,1492998,98552,40.081277,96.983751,20,10846.704437466968,546.7905243635489,11393.494961830516
Animation_2160P-41dc,Animation_2160P-41dc,2160,3840,2160,yuv420p,15,1492998,25377,33.858691,87.499083,30,6561.432549182682,261.4393457868437,6822.871894969526
Animation_2160P-41dc,Animation_2160P-41dc,2160,3840,2160,yuv420p,15,1492998,5644,28.631495,58.190341,40,3584.3997166050885,149.35474740229998,3733.754464007389
Animation_2160P-41dc,Animation_2160P-41dc,2160,3840,2160,yuv420p,15,1492998,1038,22.808839,28.417252,50,2045.2418405086755,105.17014910585716,2150.411989614533
Animation_2160P-41dc,Animation_2160P-41dc_downsample_1080p,1080,1920,1080,yuv420p,15,1492998,76499,31.959274,91.846972,10,4211.641217444802,288.7948918,4500.436109218303
Animation_2160P-41dc,Animation_2160P-41dc_downsample_1080p,1080,1920,1080,yuv420p,15,1492998,28136,31.275912,86.690164,20,2916.438075187639,149.71124676155554,3066.1493219491945
Animation_2160P-41dc,Animation_2160P-41dc_downsample_1080p,1080,1920,1080,yuv420p,15,1492998,7490,29.387139,70.430703,30,1698.951881550752,70.73660941004998,1769.688490960802
Animation_2160P-41dc,Animation_2160P-41dc_downsample_1080p,1080,1920,1080,yuv420p,15,1492998,1831,25.927272,43.027369,40,917.8739894335508,32.92489636369999,950.7988857972508
Animation_2160P-41dc,Animation_2160P-41dc_downsample_1080p,1080,1920,1080,yuv420p,15,1492998,225,21.786368,23.530741,50,442.8942244562648,15.474033145599998,458.3682576018648
Animation_2160P-41dc,Animation_2160P-41dc_downsample_720p,720,1280,720,yuv420p,15,1492998,33836,27.54911,79.331506,10,2008.5352754539465,136.33174896840703,2144.867024422353
Animation_2160P-41dc,Animation_2160P-41dc_downsample_720p,720,1280,720,yuv420p,15,1492998,12219,27.287023,71.49301,20,1426.382627545596,64.78280741513514,1491.165434960731
Animation_2160P-41dc,Animation_2160P-41dc_downsample_720p,720,1280,720,yuv420p,15,1492998,3438,26.444529,55.097976,30,801.3301407755467,28.28995708774092,829.6200978632877
Animation_2160P-41dc,Animation_2160P-41dc_downsample_720p,720,1280,720,yuv420p,15,1492998,841,24.423665,33.977802,40,424.9343966730966,15.009320387280004,439.9437170603766
Animation_2160P-41dc,Animation_2160P-41dc_downsample_720p,720,1280,720,yuv420p,15,1492998,77,21.516936,21.283762,50,182.20578223624503,7.389247587864286,189.5950298241093
Vlog_2160P-030a,Vlog_2160P-030a,2160,3840,2160,yuv420p,23.97602398,2386411,185000,48.628666,99.844952,10,20083.38866695438,894.5447593471816,20977.93342630156
Vlog_2160P-030a,Vlog_2160P-030a,2160,3840,2160,yuv420p,23.97602398,2386411,52052,41.899812,98.51851,20,13324.228007493244,439.6019466782596,13763.829954171504
Vlog_2160P-030a,Vlog_2160P-030a,2160,3840,2160,yuv420p,23.97602398,2386411,7576,37.283224,89.566655,30,7011.735664027908,203.21991922722856,7214.955583255136
Vlog_2160P-030a,Vlog_2160P-030a,2160,3840,2160,yuv420p,23.97602398,2386411,1478,33.394732,72.348178,40,3975.833002307761,141.8290377,4117.662039995761
Vlog_2160P-030a,Vlog_2160P-030a,2160,3840,2160,yuv420p,23.97602398,2386411,429,27.74339,42.112254,50,2891.3450379204933,142.6349188,3033.9799567210084
Vlog_2160P-030a,Vlog_2160P-030a_downsample_1080p,1080,1920,1080,yuv420p,23.97602398,2386411,54099,32.417735,88.046318,10,5941.745596,254.30508131843416,6196.050676988095
Vlog_2160P-030a,Vlog_2160P-030a_downsample_1080p,1080,1920,1080,yuv420p,23.97602398,2386411,10494,31.987326,82.752003,20,3594.814018780843,93.40916266785712,3688.223181448701
Vlog_2160P-030a,Vlog_2160P-030a_downsample_1080p,1080,1920,1080,yuv420p,23.97602398,2386411,1815,31.359586,73.188431,30,1585.090001336396,40.38930742296428,1625.4793087593605
Vlog_2160P-030a,Vlog_2160P-030a_downsample_1080p,1080,1920,1080,yuv420p,23.97602398,2386411,428,29.581234,52.832141,40,927.3940879624228,28.311353244290903,955.7054412067135
Vlog_2160P-030a,Vlog_2160P-030a_downsample_1080p,1080,1920,1080,yuv420p,23.97602398,2386411,107,25.901191,23.244484,50,668.3631524470587,23.163025917085715,691.5261783641445
Vlog_2160P-030a,Vlog_2160P-030a_downsample_720p,720,1280,720,yuv420p,23.97602398,2386411,23384,26.891788,71.337923,10,2412.200868207693,129.8055538722568,2542.006422
Vlog_2160P-030a,Vlog_2160P-030a_downsample_720p,720,1280,720,yuv420p,23.97602398,2386411,3573,26.807894,66.703418,20,1232.6477728787354,34.42982034076365,1267.077593219499
Vlog_2160P-030a,Vlog_2160P-030a_downsample_720p,720,1280,720,yuv420p,23.97602398,2386411,586,26.692338,57.503703,30,647.0379964534849,17.08672121,664.1247176584849
Vlog_2160P-030a,Vlog_2160P-030a_downsample_720p,720,1280,720,yuv420p,23.97602398,2386411,146,26.304525,38.012791,40,379.7082485323302,13.080153543557692,392.7884020758879
Vlog_2160P-030a,Vlog_2160P-030a_downsample_720p,720,1280,720,yuv420p,23.97602398,2386411,46,25.36646,16.24375,50,286.02640044649445,10.168441039333333,296.1948414858278
Sports_2160P-1733,Sports_2160P-1733,2160,3840,2160,yuv420p,30,2985997,98951,51.660438,98.661095,10,11780.317119095464,632.1619653222859,12412.479084417751
Sports_2160P-1733,Sports_2160P-1733,2160,3840,2160,yuv420p,30,2985997,28292,45.629416,98.059416,20,7464.667629088926,349.0683225461715,7813.735951635098
Sports_2160P-1733,Sports_2160P-1733,2160,3840,2160,yuv420p,30,2985997,6659,40.023212,92.349289,30,5014.017569938586,223.53280361384543,5237.550373552432
Sports_2160P-1733,Sports_2160P-1733,2160,3840,2160,yuv420p,30,2985997,1564,34.352287,68.909873,40,3779.0312816058704,182.15132807414395,3961.182609680014
Sports_2160P-1733,Sports_2160P-1733,2160,3840,2160,yuv420p,30,2985997,435,29.012332,35.350549,50,3031.884813334613,162.27665619918577,3194.161469533799
Sports_2160P-1733,Sports_2160P-1733_downsample_1080p,1080,1920,1080,yuv420p,30,2985997,35877,42.346802,97.369848,10,3393.116987198482,259.9550985,3653.072085721082
Sports_2160P-1733,Sports_2160P-1733_downsample_1080p,1080,1920,1080,yuv420p,30,2985997,10056,40.136268,94.288423,20,2075.1014404436223,104.4375264509394,2179.538966894562
Sports_2160P-1733,Sports_2160P-1733_downsample_1080p,1080,1920,1080,yuv420p,30,2985997,2456,36.206255,78.966916,30,1422.9418920824176,104.68607616756888,1527.6279682499865
Sports_2160P-1733,Sports_2160P-1733_downsample_1080p,1080,1920,1080,yuv420p,30,2985997,539,31.172734,49.311871,40,940.2494276444048,34.86975231457143,975.1191799589762
Sports_2160P-1733,Sports_2160P-1733_downsample_1080p,1080,1920,1080,yuv420p,30,2985997,149,26.760426,20.528065,50,717.1164617889768,27.069767147520004,744.1862289364968
Sports_2160P-1733,Sports_2160P-1733_downsample_720p,720,1280,720,yuv420p,30,2985997,18711,37.309562,91.35589,10,1616.1512140955465,116.6431223394102,1732.794336434957
Sports_2160P-1733,Sports_2160P-1733_downsample_720p,720,1280,720,yuv420p,30,2985997,5359,36.225319,83.828342,20,934.6541168864544,50.04022286953845,984.6943397559928
Sports_2160P-1733,Sports_2160P-1733_downsample_720p,720,1280,720,yuv420p,30,2985997,1331,33.60479,65.184783,30,548.6860884556578,28.31277027759999,576.9988587332577
Sports_2160P-1733,Sports_2160P-1733_downsample_720p,720,1280,720,yuv420p,30,2985997,282,29.452235,36.562222,40,402.6612015802079,17.31115983,419.9723614090829
Sports_2160P-1733,Sports_2160P-1733_downsample_720p,720,1280,720,yuv420p,30,2985997,78,25.557971,16.601429,50,304.5295963364689,12.374720173066663,316.9043165095356
Gaming_2160P-34a1,Gaming_2160P-34a1,2160,3840,2160,yuv420p,60,5971994,82095,53.646651,99.073015,10,27997.50916458756,905.7740607854762,28903.28322537304
Gaming_2160P-34a1,Gaming_2160P-34a1,2160,3840,2160,yuv420p,60,5971994,19122,48.241997,97.51033,20,15328.478034745898,484.8631769350001,15813.341211680898
Gaming_2160P-34a1,Gaming_2160P-34a1,2160,3840,2160,yuv420p,60,5971994,4220,43.304133,89.154162,30,9886.550551217471,313.6100437029488,10200.160594920422
Gaming_2160P-34a1,Gaming_2160P-34a1,2160,3840,2160,yuv420p,60,5971994,1211,37.735711,69.118897,40,7203.938253462121,286.69819970870253,7490.636453170823
Gaming_2160P-34a1,Gaming_2160P-34a1,2160,3840,2160,yuv420p,60,5971994,544,32.7232,43.548385,50,6029.891497767916,283.5242081153572,6313.415705883273
Gaming_2160P-34a1,Gaming_2160P-34a1_downsample_1080p,1080,1920,1080,yuv420p,60,5971994,28526,43.359908,93.891265,10,6514.274290235939,312.7780330491428,6827.052323285081
Gaming_2160P-34a1,Gaming_2160P-34a1_downsample_1080p,1080,1920,1080,yuv420p,60,5971994,5779,42.071824,88.792299,20,4107.152483154164,110.09884237675364,4217.251325530918
Gaming_2160P-34a1,Gaming_2160P-34a1_downsample_1080p,1080,1920,1080,yuv420p,60,5971994,1441,39.375113,75.654096,30,2489.5243838562333,70.84561464737143,2560.3699985036046
Gaming_2160P-34a1,Gaming_2160P-34a1_downsample_1080p,1080,1920,1080,yuv420p,60,5971994,397,34.941943,53.152604,40,1868.6433738878395,53.79879273042857,1922.442166618268
Gaming_2160P-34a1,Gaming_2160P-34a1_downsample_1080p,1080,1920,1080,yuv420p,60,5971994,172,30.101605,21.151417,50,1416.083545434634,45.98700303,1462.070548463034
Gaming_2160P-34a1,Gaming_2160P-34a1_downsample_720p,720,1280,720,yuv420p,60,5971994,14147,39.01962,81.724902,10,2969.7287860885267,122.94046207891672,3092.669248167444
Gaming_2160P-34a1,Gaming_2160P-34a1_downsample_720p,720,1280,720,yuv420p,60,5971994,3142,38.311174,74.667321,20,1682.8419052704717,58.17692603358872,1741.0188313040603
Gaming_2160P-34a1,Gaming_2160P-34a1_downsample_720p,720,1280,720,yuv420p,60,5971994,801,36.467715,59.566216,30,1142.6466553637033,37.05135331814359,1179.6980086818469
Gaming_2160P-34a1,Gaming_2160P-34a1_downsample_720p,720,1280,720,yuv420p,60,5971994,210,32.870215,36.506739,40,789.8078308,25.862431602400004,815.6702624340289
Gaming_2160P-34a1,Gaming_2160P-34a1_downsample_720p,720,1280,720,yuv420p,60,5971994,91,28.552552,7.959159,50,613.6216792532358,21.12791604,634.7495952882358
Gaming_2160P-3002,Gaming_2160P-3002,2160,3840,2160,yuv420p,24,2388797,72670,53.597605,99.910495,10,13167.025578602595,555.5172135376199,13722.542792140215
Gaming_2160P-3002,Gaming_2160P-3002,2160,3840,2160,yuv420p,24,2388797,23079,48.393014,99.494214,20,9466.385955652357,317.4249029374348,9783.810858589792
Gaming_2160P-3002,Gaming_2160P-3002,2160,3840,2160,yuv420p,24,2388797,6911,43.125606,93.297675,30,6668.209929411511,201.0929080322455,6869.302837443757
Gaming_2160P-3002,Gaming_2160P-3002,2160,3840,2160,yuv420p,24,2388797,2085,37.257952,65.511955,40,4674.838702471428,149.7903397145346,4824.629042185962
Gaming_2160P-3002,Gaming_2160P-3002,2160,3840,2160,yuv420p,24,2388797,704,31.689127,32.679315,50,3324.4784427958025,125.20070230874288,3449.6791451045456
Gaming_2160P-3002,Gaming_2160P-3002_downsample_1080p,1080,1920,1080,yuv420p,24,2388797,29657,47.67671,99.449584,10,3732.3022366310056,258.8750427,3991.177279324405
Gaming_2160P-3002,Gaming_2160P-3002_downsample_1080p,1080,1920,1080,yuv420p,24,2388797,8992,44.346724,96.273791,20,2685.983167635723,99.25731989204996,2785.240487527773
Gaming_2160P-3002,Gaming_2160P-3002_downsample_1080p,1080,1920,1080,yuv420p,24,2388797,2664,39.526415,77.030156,30,1598.4055352695807,52.39832638358571,1650.8038616531665
Gaming_2160P-3002,Gaming_2160P-3002_downsample_1080p,1080,1920,1080,yuv420p,24,2388797,725,34.00309,44.178074,40,1126.9678073477214,34.75523503573333,1161.7230423834546
Gaming_2160P-3002,Gaming_2160P-3002_downsample_1080p,1080,1920,1080,yuv420p,24,2388797,231,29.140086,13.107971,50,782.1621202826126,26.362968419999994,808.5250887026126
Gaming_2160P-3002,Gaming_2160P-3002_downsample_720p,720,1280,720,yuv420p,24,2388797,16766,44.485726,97.562404,10,1707.0432065775606,103.76863628361488,1810.811842861176
Gaming_2160P-3002,Gaming_2160P-3002_downsample_720p,720,1280,720,yuv420p,24,2388797,5216,41.846441,88.868261,20,1109.694207171275,48.11481984312857,1157.8090270144037
Gaming_2160P-3002,Gaming_2160P-3002_downsample_720p,720,1280,720,yuv420p,24,2388797,1515,37.321014,63.320117,30,747.7132242217366,26.384169282251616,774.0973935039882
Gaming_2160P-3002,Gaming_2160P-3002_downsample_720p,720,1280,720,yuv420p,24,2388797,383,32.152001,31.05227,40,505.4461277646916,16.51943172730263,521.9655594919942
Gaming_2160P-3002,Gaming_2160P-3002_downsample_720p,720,1280,720,yuv420p,24,2388797,120,27.79033,4.271318,50,333.642308,14.495821008782812,348.1381289775188
Sports_2160P-1b70,Sports_2160P-1b70,2160,3840,2160,yuv420p,29.97002997,2983014,159628,49.463997,99.066262,10,18929.90129359704,1001.6267990197844,19931.528092616823
Sports_2160P-1b70,Sports_2160P-1b70,2160,3840,2160,yuv420p,29.97002997,2983014,44789,43.013028,96.638991,20,10600.539836325946,528.7669512,11129.306787531545
Sports_2160P-1b70,Sports_2160P-1b70,2160,3840,2160,yuv420p,29.97002997,2983014,4700,39.060926,87.742202,30,4816.846354083048,219.0389859336757,5035.885340016724
Sports_2160P-1b70,Sports_2160P-1b70,2160,3840,2160,yuv420p,29.97002997,2983014,912,34.817706,59.543068,40,3613.433483623626,171.4389372625846,3784.8724208862113
Sports_2160P-1b70,Sports_2160P-1b70,2160,3840,2160,yuv420p,29.97002997,2983014,270,29.513733,21.796449,50,3127.385386,153.2311530996381,3280.6165387835777
Sports_2160P-1b70,Sports_2160P-1b70_downsample_1080p,1080,1920,1080,yuv420p,29.97002997,2983014,61068,41.275148,95.115125,10,5418.202033612884,351.2509054533729,5769.452939066257
Sports_2160P-1b70,Sports_2160P-1b70_downsample_1080p,1080,1920,1080,yuv420p,29.97002997,2983014,8860,39.216904,89.032816,20,2045.4374111699049,116.04569026038855,2161.483101430293
Sports_2160P-1b70,Sports_2160P-1b70_downsample_1080p,1080,1920,1080,yuv420p,29.97002997,2983014,1451,36.549505,72.348992,30,1081.9049049050002,46.89410694713684,1128.799011852137
Sports_2160P-1b70,Sports_2160P-1b70_downsample_1080p,1080,1920,1080,yuv420p,29.97002997,2983014,340,32.093806,37.208371,40,897.2630382812763,32.781032771269224,930.0440710525456
Sports_2160P-1b70,Sports_2160P-1b70_downsample_1080p,1080,1920,1080,yuv420p,29.97002997,2983014,93,27.249694,8.530185,50,713.8786629137652,26.192672584800004,740.0713354985652
Sports_2160P-1b70,Sports_2160P-1b70_downsample_720p,720,1280,720,yuv420p,29.97002997,2983014,24836,37.763643,86.665327,10,2006.6161145463689,173.78286684073333,2180.398981387102
Sports_2160P-1b70,Sports_2160P-1b70_downsample_720p,720,1280,720,yuv420p,29.97002997,2983014,4178,36.800904,78.208269,20,816.6811186971839,49.01460158,865.6957202742715
Sports_2160P-1b70,Sports_2160P-1b70_downsample_720p,720,1280,720,yuv420p,29.97002997,2983014,840,34.560456,57.363059,30,488.5448267466965,23.642324595450003,512.1871513421465
Sports_2160P-1b70,Sports_2160P-1b70_downsample_720p,720,1280,720,yuv420p,29.97002997,2983014,194,30.51129,23.751173,40,376.1432530268687,16.224873010576474,392.3681260374451
Sports_2160P-1b70,Sports_2160P-1b70_downsample_720p,720,1280,720,yuv420p,29.97002997,2983014,51,26.110826,3.472858,50,295.7717022295561,12.572908532616667,308.3446107621728